Symbol,Sector
003380,금융
009520,소재
025900,소재
035760,커뮤니케이션 서비스
035900,커뮤니케이션 서비스
036830,정보기술(IT)
039030,정보기술(IT)
041510,커뮤니케이션 서비스
056190,산업재
058470,정보기술(IT)
064760,정보기술(IT)
067160,커뮤니케이션 서비스
069080,커뮤니케이션 서비스
074600,정보기술(IT)
078340,커뮤니케이션 서비스
086520,소재
091700,정보기술(IT)
095340,정보기술(IT)
131970,정보기술(IT)
137400,산업재
140860,정보기술(IT)
145020,헬스케어
166090,정보기술(IT)
183300,정보기술(IT)
195940,헬스케어
196170,헬스케어
200130,필수소비재
213420,정보기술(IT)
214150,헬스케어
214450,헬스케어
215000,임의소비재
222080,산업재
222800,정보기술(IT)
237690,헬스케어
240810,정보기술(IT)
247540,소재
253450,커뮤니케이션 서비스
263750,커뮤니케이션 서비스
272290,소재
319660,정보기술(IT)
348210,정보기술(IT)
357780,소재
393890,소재
403870,정보기술(IT)
